Train Images,Train Annotations
21101312_54.jpg,21101312_54.txt
765.png,765.txt
21101312_5.png,21101312_5.txt
24141199_28.png,24141199_28.txt
381.png,381.txt
4416.png,4416.txt
21101127_24.png,21101127_24.txt
21101135_60.png,21101135_60.txt
21101312_34.png,21101312_34.txt
3041.png,3041.txt
28.png,28.txt
2099.png,2099.txt
506.png,506.txt
20301228_56.png,20301228_56.txt
20301414_69.jpg,20301414_69.txt
24141199_37.png,24141199_37.txt
18101381_16.jpeg,18101381_16.txt
20301228_30.JPG,20301228_30.txt
2891.png,2891.txt
21101127_27.png,21101127_27.txt
2925.png,2925.txt
2042.png,2042.txt
21141009_02.jpg,21141009_02.txt
20301090_24.png,20301090_24.txt
20301114_10.jpg,20301114_10.txt
2606.png,2606.txt
2039.png,2039.txt
4429.png,4429.txt
4430.png,4430.txt
23241113_10.jpg,23241113_10.txt
815.png,815.txt
2022.png,2022.txt
1470.png,1470.txt
20301343_12.jpg,20301343_12.txt
18101381_01.jpeg,18101381_01.txt
22101861_24.jpg,22101861_24.txt
20121011_15.jpg,20121011_15.txt
20301294_10.jpg,20301294_10.txt
22141027_08.png,22141027_08.txt
21101282_05.jpg,21101282_05.txt
39.png,39.txt
21301138_02.jpeg,21301138_02.txt
484.png,484.txt
2825.png,2825.txt
2642.png,2642.txt
354.png,354.txt
362.png,362.txt
21101243_25.jpg,21101243_25.txt
18101381_14.jpeg,18101381_14.txt
21301138_13.jpeg,21301138_13.txt
21301019_18.jpg,21301019_18.txt
2186.png,2186.txt
20201148_33.png,20201148_33.txt
3045.png,3045.txt
2623.png,2623.txt
20301228_51.png,20301228_51.txt
20301090_01.png,20301090_01.txt
987.png,987.txt
19101192_21.jpg,19101192_21.txt
378.png,378.txt
23241084_2.png,23241084_2.txt
1601.png,1601.txt
20301414_39.png,20301414_39.txt
2620.png,2620.txt
2050.png,2050.txt
591.png,591.txt
20201086_10.png,20201086_10.txt
22101857_28.png,22101857_28.txt
20301003_02.png,20301003_02.txt
817.png,817.txt
23341101_24.jpg,23341101_24.txt
970.png,970.txt
3066.png,3066.txt
3092.png,3092.txt
21301019_19.jpg,21301019_19.txt
20301266_14.jpg,20301266_14.txt
2059.png,2059.txt
19121070_18.jpg,19121070_18.txt
24141199_34.png,24141199_34.txt
2716.png,2716.txt
21201175_25.png,21201175_25.txt
21101135_59.png,21101135_59.txt
20321023_03.jpg,20321023_03.txt
2158.png,2158.txt
2486.png,2486.txt
20201210_26.jpg,20201210_26.txt
567.png,567.txt
20101498_09.png,20101498_09.txt
492.png,492.txt
22101857_26.png,22101857_26.txt
2694.png,2694.txt
20301228_34.png,20301228_34.txt
20201148_12.jpg,20201148_12.txt
2835.png,2835.txt
21201775_23.png,21201775_23.txt
20121026_06.jpg,20121026_06.txt
20101285_67.jpg,20101285_67.txt
21101243_07.jpg,21101243_07.txt
3021.png,3021.txt
254.png,254.txt
1981.png,1981.txt
20121066_25.jpg,20121066_25.txt
20201210_01.jpg,20201210_01.txt
2025.png,2025.txt
21101243_05.jpg,21101243_05.txt
1507.png,1507.txt
2007.png,2007.txt
2129.png,2129.txt
20201020_54.jpg,20201020_54.txt
21301116_09.jpg,21301116_09.txt
2220.png,2220.txt
339.png,339.txt
21301019_27.jpg,21301019_27.txt
810.png,810.txt
806.png,806.txt
20301090_26.png,20301090_26.txt
20201148_06.png,20201148_06.txt
3068.png,3068.txt
1027.png,1027.txt
2958.png,2958.txt
20121044_09.jpg,20121044_09.txt
2685.png,2685.txt
2518.png,2518.txt
20201086_16.png,20201086_16.txt
21301589_30.png,21301589_30.txt
23341101_27.jpg,23341101_27.txt
2960.png,2960.txt
2116.png,2116.txt
2483.png,2483.txt
667.png,667.txt
20301090_10.png,20301090_10.txt
21301589_06.png,21301589_06.txt
23241113_05.jpg,23241113_05.txt
2049.png,2049.txt
ID_10.jpg,ID_10.txt
20121051_15.png,20121051_15.txt
785.png,785.txt
21101312_68.jpg,21101312_68.txt
2018.png,2018.txt
2943.png,2943.txt
20121066_08.jpg,20121066_08.txt
20201086_21.png,20201086_21.txt
1967.png,1967.txt
23241113_28.jpg,23241113_28.txt
21301116_25.jpg,21301116_25.txt
21101135_43.png,21101135_43.txt
24141234_36.jpg,24141234_36.txt
ID_28.jpg,ID_28.txt
1889.png,1889.txt
24141199_70.png,24141199_70.txt
1517.png,1517.txt
2146.png,2146.txt
20121026_01.jpg,20121026_01.txt
46.png,46.txt
3030.png,3030.txt
2201.png,2201.txt
1833.png,1833.txt
20101498_21.jpg,20101498_21.txt
2903.png,2903.txt
22101857_7.png,22101857_7.txt
21301019_23.jpg,21301019_23.txt
1454.png,1454.txt
1449.png,1449.txt
20301368_12.jpeg,20301368_12.txt
23241084_51.png,23241084_51.txt
21101312_33.png,21101312_33.txt
20301228_47.png,20301228_47.txt
20301414_44.jpg,20301414_44.txt
21201175_08.png,21201175_08.txt
387.png,387.txt
2149.png,2149.txt
66.png,66.txt
965.png,965.txt
20321023_23.jpg,20321023_23.txt
20121066_06.jpg,20121066_06.txt
20101498_05.png,20101498_05.txt
24141234_04.jpg,24141234_04.txt
555.png,555.txt
21201175_30.png,21201175_30.txt
2065.png,2065.txt
20101285_12.png,20101285_12.txt
2986.png,2986.txt
21101312_13.png,21101312_13.txt
20301414_49.jpg,20301414_49.txt
1998.png,1998.txt
977.png,977.txt
23241084_13.jpg,23241084_13.txt
24141199_33.png,24141199_33.txt
1462.png,1462.txt
2702.png,2702.txt
541.png,541.txt
1919.png,1919.txt
20121011_21.jpg,20121011_21.txt
20301228_26.JPG,20301228_26.txt
20301131_27.jpg,20301131_27.txt
2914.png,2914.txt
2604.png,2604.txt
20121026_07.jpg,20121026_07.txt
2033.png,2033.txt
20301343_30.jpg,20301343_30.txt
3111.png,3111.txt
20321023_24.jpg,20321023_24.txt
20301131_23.jpg,20301131_23.txt
21101127_05.png,21101127_05.txt
22141027_05.png,22141027_05.txt
1495.png,1495.txt
831.png,831.txt
21101127_28.png,21101127_28.txt
20201148_08.png,20201148_08.txt
21301138_16.jpeg,21301138_16.txt
1619.png,1619.txt
20301343_16.jpg,20301343_16.txt
20121066_10.jpg,20121066_10.txt
21201175_28.png,21201175_28.txt
2109.png,2109.txt
21101135_34.png,21101135_34.txt
24141199_60.png,24141199_60.txt
485.png,485.txt
23241084_60.png,23241084_60.txt
20301131_29.jpg,20301131_29.txt
20101285_20.png,20101285_20.txt
ID_36.jpg,ID_36.txt
20201023_28.jpg,20201023_28.txt
3093.png,3093.txt
468.png,468.txt
21301116_08.jpg,21301116_08.txt
24141199_20.png,24141199_20.txt
20301414_40.png,20301414_40.txt
2926.png,2926.txt
21301019_21.jpg,21301019_21.txt
23241108_23.jpg,23241108_23.txt
816.png,816.txt
20301228_21.JPG,20301228_21.txt
1564.png,1564.txt
18101381_24.jpeg,18101381_24.txt
20301343_28.jpg,20301343_28.txt
2159.png,2159.txt
31.png,31.txt
20301294_24.jpg,20301294_24.txt
1493.png,1493.txt
2952.png,2952.txt
21101135_54.png,21101135_54.txt
20121026_24.jpg,20121026_24.txt
ID_32.jpg,ID_32.txt
20321023_19.jpg,20321023_19.txt
20301131_10.jpg,20301131_10.txt
489.png,489.txt
2323.png,2323.txt
20201148_29.png,20201148_29.txt
24141199_32.png,24141199_32.txt
2210.png,2210.txt
3119.png,3119.txt
24141199_17.png,24141199_17.txt
20201148_02.png,20201148_02.txt
22101861_09.jpg,22101861_09.txt
648.png,648.txt
23341101_16.jpg,23341101_16.txt
2066.png,2066.txt
21101312_31.png,21101312_31.txt
19121070_32.jpg,19121070_32.txt
2441.png,2441.txt
20301228_68.png,20301228_68.txt
20121051_24.png,20121051_24.txt
1475.png,1475.txt
3011.png,3011.txt
21101135_05.JPG,21101135_05.txt
1894.png,1894.txt
399.png,399.txt
24141199_35.png,24141199_35.txt
527.png,527.txt
20301228_16.JPG,20301228_16.txt
19101192_26.jpg,19101192_26.txt
514.png,514.txt
20301159_24.jpg,20301159_24.txt
20201210_30.jpg,20201210_30.txt
3095.png,3095.txt
1604.png,1604.txt
2977.png,2977.txt
20101285_68.jpg,20101285_68.txt
2360.png,2360.txt
20121011_29.jpg,20121011_29.txt
21101312_38.png,21101312_38.txt
2550.png,2550.txt
21141009_22.jpg,21141009_22.txt
22141027_14.png,22141027_14.txt
1825.png,1825.txt
20201210_05.jpg,20201210_05.txt
20301228_55.png,20301228_55.txt
20301403_23.jpg,20301403_23.txt
20301228_05.JPG,20301228_05.txt
23241084_20.png,23241084_20.txt
1622.png,1622.txt
476.png,476.txt
20101285_44.jpg,20101285_44.txt
762.png,762.txt
751.png,751.txt
21101312_61.jpg,21101312_61.txt
20301368_06.jpeg,20301368_06.txt
24141234_10.jpg,24141234_10.txt
21201775_12.png,21201775_12.txt
2605.png,2605.txt
21301138_24.jpeg,21301138_24.txt
2707.png,2707.txt
2032.png,2032.txt
21201775_19.png,21201775_19.txt
20301294_11.jpg,20301294_11.txt
20301266_24.jpeg,20301266_24.txt
2497.png,2497.txt
21101127_30.png,21101127_30.txt
475.png,475.txt
803.png,803.txt
20301266_30.jpeg,20301266_30.txt
21101135_61.png,21101135_61.txt
19121070_27.jpg,19121070_27.txt
20301368_01.jpeg,20301368_01.txt
279.png,279.txt
20301090_20.png,20301090_20.txt
18.png,18.txt
24141234_32.jpg,24141234_32.txt
2037.png,2037.txt
21301027_02.jpg,21301027_02.txt
23241108_20.jpg,23241108_20.txt
2992.png,2992.txt
21301589_19.png,21301589_19.txt
20301159_30.jpg,20301159_30.txt
20301003_23.png,20301003_23.txt
536.png,536.txt
21101135_08.JPG,21101135_08.txt
20321023_25.jpg,20321023_25.txt
20301414_32.png,20301414_32.txt
20301403_22.jpg,20301403_22.txt
20301414_36.png,20301414_36.txt
20301228_22.JPG,20301228_22.txt
19101192_7.jpg,19101192_7.txt
20201086_09.png,20201086_09.txt
21301116_06.jpg,21301116_06.txt
20201210_32.jpg,20201210_32.txt
2551.png,2551.txt
2703.png,2703.txt
24141234_29.jpg,24141234_29.txt
2987.png,2987.txt
2836.png,2836.txt
20121044_06.jpg,20121044_06.txt
2722.png,2722.txt
23241108_02.jpg,23241108_02.txt
2383.png,2383.txt
23241113_09.jpg,23241113_09.txt
2160.png,2160.txt
21101312_20.png,21101312_20.txt
21101135_57.png,21101135_57.txt
1037.png,1037.txt
19121070_02.jpg,19121070_02.txt
20301266_11.jpg,20301266_11.txt
ID_08.jpg,ID_08.txt
ID_02.jpg,ID_02.txt
1983.png,1983.txt
80.png,80.txt
23241108_32.jpg,23241108_32.txt
242.png,242.txt
22101857_16.png,22101857_16.txt
2474.png,2474.txt
20301159_28.jpg,20301159_28.txt
21301138_15.jpeg,21301138_15.txt
2906.png,2906.txt
2962.png,2962.txt
20301003_05.png,20301003_05.txt
347.png,347.txt
2819.png,2819.txt
20301294_22.jpg,20301294_22.txt
21101135_51.png,21101135_51.txt
1585.png,1585.txt
20101285_01.png,20101285_01.txt
20201086_12.png,20201086_12.txt
2214.png,2214.txt
2843.png,2843.txt
772.png,772.txt
20301368_29.jpg,20301368_29.txt
2075.png,2075.txt
1508.png,1508.txt
4420.png,4420.txt
4417.png,4417.txt
22141027_13.png,22141027_13.txt
2684.png,2684.txt
330.png,330.txt
20321023_17.jpg,20321023_17.txt
21301116_02.jpg,21301116_02.txt
20201210_02.jpg,20201210_02.txt
2976.png,2976.txt
21301589_23.png,21301589_23.txt
2464.png,2464.txt
20301294_23.jpg,20301294_23.txt
20301159_18.jpg,20301159_18.txt
20301228_12.JPG,20301228_12.txt
748.png,748.txt
20301131_6.jpg,20301131_6.txt
20301266_27.jpeg,20301266_27.txt
1904.png,1904.txt
20301228_54.png,20301228_54.txt
24141199_08.png,24141199_08.txt
2652.png,2652.txt
34.png,34.txt
3098.png,3098.txt
552.png,552.txt
20301003_26.png,20301003_26.txt
2863.png,2863.txt
4415.png,4415.txt
20301003_19.png,20301003_19.txt
3094.png,3094.txt
1805.png,1805.txt
12.png,12.txt
388.png,388.txt
21101135_38.png,21101135_38.txt
3006.png,3006.txt
22101857_20.png,22101857_20.txt
2967.png,2967.txt
452.png,452.txt
20201115_07.png,20201115_07.txt
726.png,726.txt
2839.png,2839.txt
1509.png,1509.txt
20301368_04.jpeg,20301368_04.txt
21101243_11.jpg,21101243_11.txt
2517.png,2517.txt
2012.png,2012.txt
646.png,646.txt
20101498_17.png,20101498_17.txt
59.png,59.txt
2525.png,2525.txt
1589.png,1589.txt
3001.png,3001.txt
1976.png,1976.txt
20301403_20.jpg,20301403_20.txt
20201210_09.jpg,20201210_09.txt
2374.png,2374.txt
21201775_08.png,21201775_08.txt
1810.png,1810.txt
1458.png,1458.txt
20301228_40.png,20301228_40.txt
1840.png,1840.txt
36.png,36.txt
2332.png,2332.txt
341.png,341.txt
2865.png,2865.txt
377.png,377.txt
2641.png,2641.txt
2893.png,2893.txt
21101135_49.png,21101135_49.txt
2661.png,2661.txt
22101857_3.png,22101857_3.txt
2888.png,2888.txt
21101127_10.png,21101127_10.txt
393.png,393.txt
22141027_26.png,22141027_26.txt
3000.png,3000.txt
2940.png,2940.txt
20101285_59.jpg,20101285_59.txt
3005.png,3005.txt
18101381_29.jpeg,18101381_29.txt
994.png,994.txt
20201020_46.jpg,20201020_46.txt
20121066_15.jpg,20121066_15.txt
2880.png,2880.txt
24141199_42.png,24141199_42.txt
20301414_20.png,20301414_20.txt
21101127_04.png,21101127_04.txt
22101857_15.png,22101857_15.txt
1479.png,1479.txt
23241108_22.jpg,23241108_22.txt
19101192_20.jpg,19101192_20.txt
22101861_30.jpg,22101861_30.txt
22101857_23.png,22101857_23.txt
20121011_22.jpg,20121011_22.txt
20201023_13.jpg,20201023_13.txt
20201020_50.jpg,20201020_50.txt
1490.png,1490.txt
1831.png,1831.txt
21101243_28.jpg,21101243_28.txt
508.png,508.txt
2658.png,2658.txt
22101857_1.png,22101857_1.txt
471.png,471.txt
2204.png,2204.txt
21101312_11.png,21101312_11.txt
535.png,535.txt
20301114_21.jpg,20301114_21.txt
20301414_31.png,20301414_31.txt
20301403_08.jpg,20301403_08.txt
1455.png,1455.txt
655.png,655.txt
808.png,808.txt
21101312_66.jpg,21101312_66.txt
21101243_32.jpg,21101243_32.txt
23241084_18.png,23241084_18.txt
19101192_15.jpg,19101192_15.txt
21301019_17.jpg,21301019_17.txt
2813.png,2813.txt
1899.png,1899.txt
75.png,75.txt
2387.png,2387.txt
22141027_02.png,22141027_02.txt
3019.png,3019.txt
1887.png,1887.txt
21141009_18.jpg,21141009_18.txt
20301090_02.png,20301090_02.txt
396.png,396.txt
599.png,599.txt
23241084_62.png,23241084_62.txt
4403.png,4403.txt
24141234_27.jpg,24141234_27.txt
2945.png,2945.txt
20301114_18.jpg,20301114_18.txt
20321023_14.jpg,20321023_14.txt
1021.png,1021.txt
2985.png,2985.txt
20121044_07.jpg,20121044_07.txt
20201148_30.png,20201148_30.txt
20301228_60.png,20301228_60.txt
21101243_30.jpg,21101243_30.txt
770.png,770.txt
2026.png,2026.txt
2157.png,2157.txt
20201020_66.jpg,20201020_66.txt
20301159_07.jpg,20301159_07.txt
20301368_02.jpeg,20301368_02.txt
24141199_41.png,24141199_41.txt
2934.png,2934.txt
1020.png,1020.txt
21101312_58.jpg,21101312_58.txt
2010.png,2010.txt
2553.png,2553.txt
21301589_16.png,21301589_16.txt
982.png,982.txt
1473.png,1473.txt
21201175_03.png,21201175_03.txt
327.png,327.txt
21201775_29.png,21201775_29.txt
821.png,821.txt
2237.png,2237.txt
20101285_55.jpg,20101285_55.txt
2488.png,2488.txt
21141009_10.jpg,21141009_10.txt
24141199_06.png,24141199_06.txt
21301027_22.jpg,21301027_22.txt
20121051_29.png,20121051_29.txt
3113.png,3113.txt
21101135_58.png,21101135_58.txt
21301138_01.jpeg,21301138_01.txt
2613.png,2613.txt
20301003_09.png,20301003_09.txt
20201115_02.png,20201115_02.txt
3025.png,3025.txt
3072.png,3072.txt
571.png,571.txt
24141199_44.png,24141199_44.txt
21301116_26.jpg,21301116_26.txt
2665.png,2665.txt
20121026_18.jpg,20121026_18.txt
21101282_03.jpg,21101282_03.txt
1835.png,1835.txt
21101135_21.JPG,21101135_21.txt
3040.png,3040.txt
1821.png,1821.txt
1038.png,1038.txt
350.png,350.txt
21301116_27.jpg,21301116_27.txt
1005.png,1005.txt
659.png,659.txt
20101285_38.png,20101285_38.txt
3108.png,3108.txt
20301343_21.jpg,20301343_21.txt
1511.png,1511.txt
2123.png,2123.txt
1804.png,1804.txt
2346.png,2346.txt
20201115_04.png,20201115_04.txt
3067.png,3067.txt
2693.png,2693.txt
674.png,674.txt
1467.png,1467.txt
20301294_16.jpg,20301294_16.txt
ID_21.jpg,ID_21.txt
511.png,511.txt
20201023_25.jpg,20201023_25.txt
20201210_22.jpg,20201210_22.txt
20301114_1.jpg,20301114_1.txt
19121070_14.jpg,19121070_14.txt
22101857_8.png,22101857_8.txt
2680.png,2680.txt
21101135_01.JPG,21101135_01.txt
8.png,8.txt
20121026_05.jpg,20121026_05.txt
21101312_29.png,21101312_29.txt
1472.png,1472.txt
19121070_17.jpg,19121070_17.txt
4404.png,4404.txt
4439.png,4439.txt
24141234_02.jpg,24141234_02.txt
20301159_20.jpg,20301159_20.txt
22101861_05.jpg,22101861_05.txt
21301116_01.jpg,21301116_01.txt
2005.png,2005.txt
1012.png,1012.txt
2378.png,2378.txt
22141027_21.png,22141027_21.txt
20121051_04.png,20121051_04.txt
20201023_2.jpg,20201023_2.txt
20301343_01.jpg,20301343_01.txt
256.png,256.txt
2126.png,2126.txt
21101312_35.png,21101312_35.txt
20101285_34.png,20101285_34.txt
2166.png,2166.txt
996.png,996.txt
21301589_07.png,21301589_07.txt
20201115_10.png,20201115_10.txt
20301266_28.jpeg,20301266_28.txt
3064.png,3064.txt
22141027_27.png,22141027_27.txt
20301414_08.png,20301414_08.txt
22101861_11.jpg,22101861_11.txt
20321023_27.jpg,20321023_27.txt
20101285_26.png,20101285_26.txt
23341101_02.jpg,23341101_02.txt
23341101_05.jpg,23341101_05.txt
1579.png,1579.txt
21201175_26.png,21201175_26.txt
2999.png,2999.txt
21301589_10.png,21301589_10.txt
4428.png,4428.txt
596.png,596.txt
24141234_11.jpg,24141234_11.txt
2708.png,2708.txt
2111.png,2111.txt
21301138_09.jpeg,21301138_09.txt
20301414_37.png,20301414_37.txt
78.png,78.txt
ID_12.jpg,ID_12.txt
21101282_11.jpg,21101282_11.txt
1466.png,1466.txt
22141027_16.png,22141027_16.txt
2181.png,2181.txt
20301090_30.png,20301090_30.txt
20201115_23.png,20201115_23.txt
21101312_16.png,21101312_16.txt
20301414_47.jpg,20301414_47.txt
24141199_67.png,24141199_67.txt
20301228_46.png,20301228_46.txt
20301266_17.jpg,20301266_17.txt
20301343_09.jpg,20301343_09.txt
18101381_25.jpeg,18101381_25.txt
1633.png,1633.txt
23241084_4.png,23241084_4.txt
21101282_01.jpg,21101282_01.txt
20201115_11.png,20201115_11.txt
2130.png,2130.txt
2871.png,2871.txt
24.png,24.txt
20301159_22.jpg,20301159_22.txt
24141234_38.jpg,24141234_38.txt
23341101_15.jpg,23341101_15.txt
20301403_15.jpg,20301403_15.txt
507.png,507.txt
19101192_4.jpg,19101192_4.txt
41.png,41.txt
2504.png,2504.txt
20101498_29.jpg,20101498_29.txt
21101312_26.png,21101312_26.txt
21201175_27.png,21201175_27.txt
1445.png,1445.txt
21101282_15.jpg,21101282_15.txt
22101861_04.jpg,22101861_04.txt
20301343_18.jpg,20301343_18.txt
20201086_27.png,20201086_27.txt
21101243_29.jpg,21101243_29.txt
2522.png,2522.txt
21101243_18.jpg,21101243_18.txt
2240.png,2240.txt
1476.png,1476.txt
1590.png,1590.txt
55.png,55.txt
1971.png,1971.txt
2971.png,2971.txt
2924.png,2924.txt
22101861_07.jpg,22101861_07.txt
20201023_30.jpg,20201023_30.txt
22101861_23.jpg,22101861_23.txt
21301116_23.jpg,21301116_23.txt
20101285_09.png,20101285_09.txt
678.png,678.txt
796.png,796.txt
20201148_32.png,20201148_32.txt
20201210_04.jpg,20201210_04.txt
69.png,69.txt
1895.png,1895.txt
20121026_28.jpg,20121026_28.txt
20121066_27.jpg,20121066_27.txt
2217.png,2217.txt
496.png,496.txt
20301414_38.png,20301414_38.txt
20101285_36.png,20101285_36.txt
23241084_52.jpg,23241084_52.txt
20301131_21.jpg,20301131_21.txt
20121051_12.png,20121051_12.txt
2370.png,2370.txt
21301138_28.jpeg,21301138_28.txt
2626.png,2626.txt
2610.png,2610.txt
1491.png,1491.txt
2964.png,2964.txt
805.png,805.txt
21301027_17.jpg,21301027_17.txt
22101857_2.png,22101857_2.txt
23241084_11.jpg,23241084_11.txt
21101135_39.png,21101135_39.txt
474.png,474.txt
2131.png,2131.txt
2008.png,2008.txt
20201115_30.png,20201115_30.txt
20101285_58.jpg,20101285_58.txt
453.png,453.txt
2998.png,2998.txt
20101498_14.png,20101498_14.txt
19101192_30.jpg,19101192_30.txt
2882.png,2882.txt
20121044_29.jpg,20121044_29.txt
442.png,442.txt
30.png,30.txt
2036.png,2036.txt
2098.png,2098.txt
21201175_09.png,21201175_09.txt
20101285_41.jpg,20101285_41.txt
756.png,756.txt
3082.png,3082.txt
247.png,247.txt
19.png,19.txt
2375.png,2375.txt
1565.png,1565.txt
3100.png,3100.txt
21201175_16.png,21201175_16.txt
985.png,985.txt
20301343_13.jpg,20301343_13.txt
2714.png,2714.txt
21301019_12.jpg,21301019_12.txt
24141199_11.png,24141199_11.txt
20301003_01.png,20301003_01.txt
1442.png,1442.txt
2206.png,2206.txt
1468.png,1468.txt
ID_30.jpg,ID_30.txt
1464.png,1464.txt
24141199_12.png,24141199_12.txt
835.png,835.txt
9.png,9.txt
1611.png,1611.txt
455.png,455.txt
21101312_36.png,21101312_36.txt
20301414_19.png,20301414_19.txt
20121066_17.jpg,20121066_17.txt
20121026_17.jpg,20121026_17.txt
4412.png,4412.txt
2823.png,2823.txt
23341101_23.jpg,23341101_23.txt
367.png,367.txt
20301003_17.png,20301003_17.txt
20201148_04.png,20201148_04.txt
1576.png,1576.txt
20301114_29.jpg,20301114_29.txt
21101312_70.jpg,21101312_70.txt
2844.png,2844.txt
2902.png,2902.txt
2532.png,2532.txt
2881.png,2881.txt
32.png,32.txt
ID_31.jpg,ID_31.txt
20201086_15.png,20201086_15.txt
1474.png,1474.txt
361.png,361.txt
2611.png,2611.txt
20101285_16.png,20101285_16.txt
20201086_18.png,20201086_18.txt
20201210_21.jpg,20201210_21.txt
368.png,368.txt
2352.png,2352.txt
20101285_31.png,20101285_31.txt
482.png,482.txt
20301090_14.png,20301090_14.txt
21301116_16.jpg,21301116_16.txt
1510.png,1510.txt
20201210_36.jpg,20201210_36.txt
21141009_06.jpg,21141009_06.txt
21101127_20.png,21101127_20.txt
672.png,672.txt
21101312_4.png,21101312_4.txt
2139.png,2139.txt
3070.png,3070.txt
20121011_26.jpg,20121011_26.txt
360.png,360.txt
2653.png,2653.txt
1520.png,1520.txt
1817.png,1817.txt
2916.png,2916.txt
277.png,277.txt
1008.png,1008.txt
21101282_10.jpg,21101282_10.txt
21301116_03.jpg,21301116_03.txt
2938.png,2938.txt
2321.png,2321.txt
20201020_61.jpg,20201020_61.txt
24141199_65.png,24141199_65.txt
20121044_16.jpg,20121044_16.txt
21201775_22.png,21201775_22.txt
23341101_20.jpg,23341101_20.txt
20301003_04.png,20301003_04.txt
20201020_41.jpg,20201020_41.txt
1017.png,1017.txt
2470.png,2470.txt
2140.png,2140.txt
2367.png,2367.txt
20301090_23.png,20301090_23.txt
483.png,483.txt
20201023_14.jpg,20201023_14.txt
2980.png,2980.txt
21301589_03.png,21301589_03.txt
2801.png,2801.txt
739.png,739.txt
2336.png,2336.txt
2354.png,2354.txt
370.png,370.txt
22101861_17.jpg,22101861_17.txt
22101861_28.jpg,22101861_28.txt
2804.png,2804.txt
3018.png,3018.txt
21201175_04.png,21201175_04.txt
20101285_64.jpg,20101285_64.txt
2086.png,2086.txt
23241084_36.jpg,23241084_36.txt
24141234_15.jpg,24141234_15.txt
2966.png,2966.txt
21301019_04.jpg,21301019_04.txt
20121026_03.jpg,20121026_03.txt
20201148_16.png,20201148_16.txt
2666.png,2666.txt
20201086_01.png,20201086_01.txt
1595.png,1595.txt
19121070_35.jpg,19121070_35.txt
3103.png,3103.txt
2167.png,2167.txt
809.png,809.txt
2054.png,2054.txt
2051.png,2051.txt
1030.png,1030.txt
21101312_64.jpg,21101312_64.txt
549.png,549.txt
2822.png,2822.txt
253.png,253.txt
1575.png,1575.txt
2712.png,2712.txt
2968.png,2968.txt
358.png,358.txt
20301159_23.jpg,20301159_23.txt
23241084_50.jpg,23241084_50.txt
3050.png,3050.txt
4433.png,4433.txt
2841.png,2841.txt
2647.png,2647.txt
2808.png,2808.txt
24141234_13.jpg,24141234_13.txt
2448.png,2448.txt
20301228_70.png,20301228_70.txt
20301414_34.png,20301414_34.txt
20301294_12.jpg,20301294_12.txt
2718.png,2718.txt
3096.png,3096.txt
1578.png,1578.txt
20201210_10.jpg,20201210_10.txt
2489.png,2489.txt
3034.png,3034.txt
24141234_30.jpg,24141234_30.txt
20301266_01.jpg,20301266_01.txt
21301589_15.png,21301589_15.txt
1015.png,1015.txt
ID_18.jpg,ID_18.txt
353.png,353.txt
3054.png,3054.txt
2341.png,2341.txt
23241113_04.jpg,23241113_04.txt
21301027_16.jpg,21301027_16.txt
2803.png,2803.txt
20301131_24.jpg,20301131_24.txt
395.png,395.txt
23241084_3.jpg,23241084_3.txt
21101312_40.png,21101312_40.txt
2327.png,2327.txt
21301589_27.png,21301589_27.txt
19121070_25.jpg,19121070_25.txt
519.png,519.txt
2675.png,2675.txt
20301228_41.png,20301228_41.txt
20101285_02.png,20101285_02.txt
20301368_22.jpg,20301368_22.txt
20301159_03.jpg,20301159_03.txt
465.png,465.txt
20301266_23.jpeg,20301266_23.txt
20121044_14.jpg,20121044_14.txt
65.png,65.txt
20201115_21.png,20201115_21.txt
21201175_29.png,21201175_29.txt
23341101_06.jpg,23341101_06.txt
20121044_20.jpg,20121044_20.txt
2524.png,2524.txt
2380.png,2380.txt
21301027_05.jpg,21301027_05.txt
20301343_07.jpg,20301343_07.txt
20201115_05.png,20201115_05.txt
23241108_28.jpg,23241108_28.txt
42.png,42.txt
270.png,270.txt
2721.png,2721.txt
2669.png,2669.txt
21141009_08.jpg,21141009_08.txt
1885.png,1885.txt
19121070_24.jpg,19121070_24.txt
3116.png,3116.txt
2231.png,2231.txt
20201148_20.png,20201148_20.txt
1463.png,1463.txt
2089.png,2089.txt
2169.png,2169.txt
2398.png,2398.txt
3059.png,3059.txt
19101192_16.jpg,19101192_16.txt
241.png,241.txt
2683.png,2683.txt
2163.png,2163.txt
20301414_33.png,20301414_33.txt
20301414_50.jpg,20301414_50.txt
21101312_19.png,21101312_19.txt
2349.png,2349.txt
2187.png,2187.txt
23241084_17.jpg,23241084_17.txt
2923.png,2923.txt
1836.png,1836.txt
21101243_10.jpg,21101243_10.txt
346.png,346.txt
20101285_61.jpg,20101285_61.txt
18101381_03.jpeg,18101381_03.txt
20321023_04.jpg,20321023_04.txt
2912.png,2912.txt
488.png,488.txt
20121011_11.jpg,20121011_11.txt
21301019_03.jpg,21301019_03.txt
804.png,804.txt
22141027_06.png,22141027_06.txt
20301294_20.jpg,20301294_20.txt
23241084_55.png,23241084_55.txt
23241084_19.jpg,23241084_19.txt
3039.png,3039.txt
19101192_28.jpg,19101192_28.txt
24141199_56.png,24141199_56.txt
962.png,962.txt
20121026_25.jpg,20121026_25.txt
1504.png,1504.txt
20121051_31.png,20121051_31.txt
20301403_18.jpg,20301403_18.txt
2.png,2.txt
20301343_03.jpg,20301343_03.txt
20101285_11.png,20101285_11.txt
20201210_17.jpg,20201210_17.txt
ID_09.jpg,ID_09.txt
2656.png,2656.txt
2672.png,2672.txt
20201086_02.png,20201086_02.txt
21301116_13.jpg,21301116_13.txt
24141234_26.jpg,24141234_26.txt
2082.png,2082.txt
20101285_25.png,20101285_25.txt
3010.png,3010.txt
1010.png,1010.txt
21301027_03.jpg,21301027_03.txt
2174.png,2174.txt
21141009_01.jpg,21141009_01.txt
3102.png,3102.txt
4411.png,4411.txt
501.png,501.txt
19121070_04.jpg,19121070_04.txt
24141199_07.png,24141199_07.txt
21201775_20.png,21201775_20.txt
1562.png,1562.txt
21101135_32.png,21101135_32.txt
20301368_27.jpg,20301368_27.txt
744.png,744.txt
24141199_21.png,24141199_21.txt
24141199_48.png,24141199_48.txt
21101243_16.jpg,21101243_16.txt
20101498_27.jpg,20101498_27.txt
2516.png,2516.txt
548.png,548.txt
2560.png,2560.txt
21201175_15.png,21201175_15.txt
1978.png,1978.txt
21301027_23.jpg,21301027_23.txt
734.png,734.txt
20201115_13.png,20201115_13.txt
521.png,521.txt
20101285_60.jpg,20101285_60.txt
822.png,822.txt
21101312_24.png,21101312_24.txt
22101857_5.png,22101857_5.txt
2041.png,2041.txt
4402.png,4402.txt
21301019_22.jpg,21301019_22.txt
24141199_62.png,24141199_62.txt
771.png,771.txt
23241113_17.jpg,23241113_17.txt
1986.png,1986.txt
2172.png,2172.txt
20301368_07.jpeg,20301368_07.txt
21301116_14.jpg,21301116_14.txt
20201020_59.jpg,20201020_59.txt
2031.png,2031.txt
2386.png,2386.txt
20301114_17.jpg,20301114_17.txt
20101498_22.jpg,20101498_22.txt
3105.png,3105.txt
583.png,583.txt
20301090_09.png,20301090_09.txt
20301368_10.jpeg,20301368_10.txt
376.png,376.txt
1451.png,1451.txt
2810.png,2810.txt
23241084_23.png,23241084_23.txt
2184.png,2184.txt
20301228_48.png,20301228_48.txt
1587.png,1587.txt
20301090_08.png,20301090_08.txt
2224.png,2224.txt
24141199_51.png,24141199_51.txt
2833.png,2833.txt
24141199_38.png,24141199_38.txt
500.png,500.txt
750.png,750.txt
600.png,600.txt
542.png,542.txt
20301159_29.jpg,20301159_29.txt
20321023_16.jpg,20321023_16.txt
21301589_14.png,21301589_14.txt
3099.png,3099.txt
22101857_6.png,22101857_6.txt
24141199_15.png,24141199_15.txt
21101135_02JPG.JPG,21101135_02JPG.txt
782.png,782.txt
2133.png,2133.txt
2103.png,2103.txt
1450.png,1450.txt
20301414_57.jpg,20301414_57.txt
1806.png,1806.txt
2614.png,2614.txt
20301003_14.png,20301003_14.txt
449.png,449.txt
20301368_23.jpg,20301368_23.txt
ID_06.jpg,ID_06.txt
265.png,265.txt
19121070_34.jpg,19121070_34.txt
21101135_28.JPG,21101135_28.txt
1828.png,1828.txt
802.png,802.txt
730.png,730.txt
799.png,799.txt
20201086_24.png,20201086_24.txt
21101135_44.png,21101135_44.txt
2400.png,2400.txt
2847.png,2847.txt
22101861_25.jpg,22101861_25.txt
443.png,443.txt
2011.png,2011.txt
21101312_7.png,21101312_7.txt
20301131_12.jpg,20301131_12.txt
20301343_05.jpg,20301343_05.txt
ID_19.jpg,ID_19.txt
23241084_48.jpg,23241084_48.txt
21101282_31.jpg,21101282_31.txt
21101282_20.jpg,21101282_20.txt
20201023_23.jpg,20201023_23.txt
20101285_49.jpg,20101285_49.txt
23241084_8.png,23241084_8.txt
2029.png,2029.txt
1453.png,1453.txt
13.png,13.txt
23241084_26.jpg,23241084_26.txt
2872.png,2872.txt
2993.png,2993.txt
2015.png,2015.txt
ID_11.jpg,ID_11.txt
344.png,344.txt
2183.png,2183.txt
20101285_47.jpg,20101285_47.txt
23241084_59.png,23241084_59.txt
2357.png,2357.txt
584.png,584.txt
2717.png,2717.txt
1599.png,1599.txt
20121026_15.jpg,20121026_15.txt
22141027_17.png,22141027_17.txt
466.png,466.txt
1484.png,1484.txt
2862.png,2862.txt
651.png,651.txt
21301027_09.jpg,21301027_09.txt
22101861_12.jpg,22101861_12.txt
676.png,676.txt
20301414_16.png,20301414_16.txt
20301368_09.jpeg,20301368_09.txt
21101135_14.JPG,21101135_14.txt
3086.png,3086.txt
21101135_29.JPG,21101135_29.txt
20101285_29.png,20101285_29.txt
20301003_30.png,20301003_30.txt
20301228_08.JPG,20301228_08.txt
2234.png,2234.txt
20301343_25.jpg,20301343_25.txt
1974.png,1974.txt
493.png,493.txt
2552.png,2552.txt
1569.png,1569.txt
1016.png,1016.txt
20321023_28.jpg,20321023_28.txt
1882.png,1882.txt
495.png,495.txt
21301027_11.jpg,21301027_11.txt
2845.png,2845.txt
1480.png,1480.txt
1028.png,1028.txt
20201086_11.png,20201086_11.txt
21101312_10.png,21101312_10.txt
2609.png,2609.txt
20301368_15.jpg,20301368_15.txt
1625.png,1625.txt
19101192_22.jpg,19101192_22.txt
20121044_15.jpg,20121044_15.txt
21101282_04.jpg,21101282_04.txt
2389.png,2389.txt
23241113_07.jpg,23241113_07.txt
671.png,671.txt
654.png,654.txt
342.png,342.txt
20301090_19.png,20301090_19.txt
3027.png,3027.txt
2876.png,2876.txt
2073.png,2073.txt
20301131_9.jpg,20301131_9.txt
340.png,340.txt
20301228_13.JPG,20301228_13.txt
21201175_14.png,21201175_14.txt
21301019_14.jpg,21301019_14.txt
20301159_12.jpg,20301159_12.txt
3015.png,3015.txt
2004.png,2004.txt
20301266_18.jpg,20301266_18.txt
21141009_28.jpg,21141009_28.txt
49.png,49.txt
2806.png,2806.txt
2643.png,2643.txt
23341101_03.jpg,23341101_03.txt
20301414_07.png,20301414_07.txt
2704.png,2704.txt
20121051_26.png,20121051_26.txt
21101312_3.png,21101312_3.txt
784.png,784.txt
1489.png,1489.txt
20301228_69.png,20301228_69.txt
2202.png,2202.txt
794.png,794.txt
24141234_18.jpg,24141234_18.txt
18101381_06.jpeg,18101381_06.txt
18101381_20.jpeg,18101381_20.txt
2630.png,2630.txt
23241084_35.png,23241084_35.txt
20301159_13.jpg,20301159_13.txt
21201175_02.png,21201175_02.txt
24141199_46.png,24141199_46.txt
21101312_32.png,21101312_32.txt
24141199_50.png,24141199_50.txt
23241084_53.png,23241084_53.txt
1456.png,1456.txt
23241084_70.png,23241084_70.txt
351.png,351.txt
2921.png,2921.txt
20201148_34.png,20201148_34.txt
2720.png,2720.txt
1908.png,1908.txt
2691.png,2691.txt
20201210_13.jpg,20201210_13.txt
23341101_11.jpg,23341101_11.txt
21301138_33.jpeg,21301138_33.txt
2676.png,2676.txt
274.png,274.txt
20301114_11.jpg,20301114_11.txt
1582.png,1582.txt
570.png,570.txt
18101381_07.jpeg,18101381_07.txt
1591.png,1591.txt
2805.png,2805.txt
2897.png,2897.txt
1498.png,1498.txt
1638.png,1638.txt
19121070_11.jpg,19121070_11.txt
998.png,998.txt
23241084_61.png,23241084_61.txt
20201023_26.jpg,20201023_26.txt
1022.png,1022.txt
20121066_23.jpg,20121066_23.txt
21101312_69.jpg,21101312_69.txt
21101312_63.jpg,21101312_63.txt
20201020_62.jpg,20201020_62.txt
797.png,797.txt
1892.png,1892.txt
23241113_08.jpg,23241113_08.txt
20201148_19.png,20201148_19.txt
51.png,51.txt
20301114_15.jpg,20301114_15.txt
2176.png,2176.txt
20301294_13.jpg,20301294_13.txt
21101312_37.png,21101312_37.txt
4432.png,4432.txt
21101243_26.jpg,21101243_26.txt
20201115_12.png,20201115_12.txt
11.png,11.txt
2359.png,2359.txt
20101285_18.png,20101285_18.txt
1826.png,1826.txt
1881.png,1881.txt
20301228_50.png,20301228_50.txt
20201210_06.jpg,20201210_06.txt
2452.png,2452.txt
3088.png,3088.txt
2456.png,2456.txt
21201775_16.png,21201775_16.txt
2944.png,2944.txt
20301266_20.jpg,20301266_20.txt
2894.png,2894.txt
20201210_11.jpg,20201210_11.txt
21101282_28.jpg,21101282_28.txt
23241113_13.jpg,23241113_13.txt
21101312_59.jpg,21101312_59.txt
14.png,14.txt
4438.png,4438.txt
364.png,364.txt
24141199_23.png,24141199_23.txt
244.png,244.txt
20301414_10.png,20301414_10.txt
4436.png,4436.txt
21301116_15.jpg,21301116_15.txt
20301114_22.jpg,20301114_22.txt
20321023_06.jpg,20321023_06.txt
1019.png,1019.txt
24141199_09.png,24141199_09.txt
21301138_31.jpeg,21301138_31.txt
3031.png,3031.txt
20301368_24.jpg,20301368_24.txt
20201148_03.png,20201148_03.txt
20301414_46.jpg,20301414_46.txt
2100.png,2100.txt
20101285_23.png,20101285_23.txt
20121051_27.png,20121051_27.txt
2000.png,2000.txt
21301138_29.jpeg,21301138_29.txt
2896.png,2896.txt
2655.png,2655.txt
21301138_20.jpeg,21301138_20.txt
1995.png,1995.txt
70.png,70.txt
20201086_19.png,20201086_19.txt
1496.png,1496.txt
23241084_27.png,23241084_27.txt
3091.png,3091.txt
20121044_23.jpg,20121044_23.txt
23241113_11.jpg,23241113_11.txt
20101498_23.jpg,20101498_23.txt
21201775_01.png,21201775_01.txt
2043.png,2043.txt
497.png,497.txt
830.png,830.txt
20301228_03.JPG,20301228_03.txt
21301138_05.jpeg,21301138_05.txt
2501.png,2501.txt
20201020_67.jpg,20201020_67.txt
24141234_17.jpg,24141234_17.txt
1471.png,1471.txt
264.png,264.txt
21101135_35.png,21101135_35.txt
20301228_19.JPG,20301228_19.txt
19121070_08.jpg,19121070_08.txt
21201775_05.png,21201775_05.txt
2465.png,2465.txt
2227.png,2227.txt
2216.png,2216.txt
21101243_35.jpg,21101243_35.txt
3107.png,3107.txt
2127.png,2127.txt
20301228_15.JPG,20301228_15.txt
798.png,798.txt
22101861_15.jpg,22101861_15.txt
20301090_25.png,20301090_25.txt
2500.png,2500.txt
20301343_06.jpg,20301343_06.txt
20121066_04.jpg,20121066_04.txt
2667.png,2667.txt
2112.png,2112.txt
4425.png,4425.txt
3014.png,3014.txt
490.png,490.txt
812.png,812.txt
1602.png,1602.txt
251.png,251.txt
737.png,737.txt
2654.png,2654.txt
1997.png,1997.txt
779.png,779.txt
1982.png,1982.txt
3043.png,3043.txt
20121066_20.jpg,20121066_20.txt
21101135_53.png,21101135_53.txt
20301159_09.jpg,20301159_09.txt
23341101_19.jpg,23341101_19.txt
398.png,398.txt
20301090_27.png,20301090_27.txt
464.png,464.txt
20101285_35.png,20101285_35.txt
19101192_2.jpg,19101192_2.txt
22141027_04.png,22141027_04.txt
2382.png,2382.txt
21201175_11.png,21201175_11.txt
2637.png,2637.txt
21101312_45.jpg,21101312_45.txt
2182.png,2182.txt
21101127_14.png,21101127_14.txt
21141009_17.jpg,21141009_17.txt
20301228_10.JPG,20301228_10.txt
3057.png,3057.txt
2601.png,2601.txt
513.png,513.txt
2142.png,2142.txt
573.png,573.txt
20301003_12.png,20301003_12.txt
21301116_22.jpg,21301116_22.txt
20201148_25.png,20201148_25.txt
23241084_10.png,23241084_10.txt
21101312_42.jpg,21101312_42.txt
21141009_04.jpg,21141009_04.txt
752.png,752.txt
24141234_14.jpg,24141234_14.txt
3118.png,3118.txt
3016.png,3016.txt
2466.png,2466.txt
2072.png,2072.txt
2715.png,2715.txt
2115.png,2115.txt
21101312_6.png,21101312_6.txt
21101127_03.png,21101127_03.txt
4421.png,4421.txt
20201023_11.jpg,20201023_11.txt
2928.png,2928.txt
22141027_30.png,22141027_30.txt
20121051_21.png,20121051_21.txt
20101285_24.png,20101285_24.txt
2905.png,2905.txt
20301266_19.jpg,20301266_19.txt
504.png,504.txt
20301266_06.jpg,20301266_06.txt
2475.png,2475.txt
19121070_09.jpg,19121070_09.txt
20301368_14.jpg,20301368_14.txt
2673.png,2673.txt
20201210_28.jpg,20201210_28.txt
2541.png,2541.txt
20201020_45.jpg,20201020_45.txt
23241084_44.jpg,23241084_44.txt
551.png,551.txt
2910.png,2910.txt
20201023_7.jpg,20201023_7.txt
2137.png,2137.txt
20301090_29.png,20301090_29.txt
400.png,400.txt
24141234_05.jpg,24141234_05.txt
2090.png,2090.txt
2511.png,2511.txt
20301159_16.jpg,20301159_16.txt
2922.png,2922.txt
517.png,517.txt
2930.png,2930.txt
23241113_16.jpg,23241113_16.txt
325.png,325.txt
545.png,545.txt
2060.png,2060.txt
23241113_01.jpg,23241113_01.txt
20201086_08.png,20201086_08.txt
3042.png,3042.txt
20201023_9.jpg,20201023_9.txt
20301114_28.jpg,20301114_28.txt
22101857_9.png,22101857_9.txt
21201175_22.png,21201175_22.txt
20301228_38.png,20301228_38.txt
18101381_13.jpeg,18101381_13.txt
2535.png,2535.txt
20301131_17.jpg,20301131_17.txt
2556.png,2556.txt
20301343_20.jpg,20301343_20.txt
2625.png,2625.txt
19101192_17.jpg,19101192_17.txt
21101282_24.jpg,21101282_24.txt
20101285_27.png,20101285_27.txt
24141234_24.jpg,24141234_24.txt
20321023_22.jpg,20321023_22.txt
1006.png,1006.txt
20301368_25.jpeg,20301368_25.txt
24141199_16.png,24141199_16.txt
2824.png,2824.txt
23241084_22.jpg,23241084_22.txt
20.png,20.txt
20121044_01.jpg,20121044_01.txt
21301019_07.jpg,21301019_07.txt
2898.png,2898.txt
21141009_30.jpg,21141009_30.txt
21201775_27.png,21201775_27.txt
588.png,588.txt
2900.png,2900.txt
20201086_04.png,20201086_04.txt
2120.png,2120.txt
2857.png,2857.txt
1888.png,1888.txt
21141009_15.jpg,21141009_15.txt
20301343_29.jpg,20301343_29.txt
20121044_12.jpg,20121044_12.txt
4405.png,4405.txt
21301138_23.jpeg,21301138_23.txt
20201115_14.png,20201115_14.txt
650.png,650.txt
2629.png,2629.txt
21141009_31.jpg,21141009_31.txt
18101381_21.jpeg,18101381_21.txt
379.png,379.txt
20101498_26.jpg,20101498_26.txt
20121051_11.png,20121051_11.txt
768.png,768.txt
21101243_14.jpg,21101243_14.txt
2061.png,2061.txt
2180.png,2180.txt
1897.png,1897.txt
26.png,26.txt
24141199_03.png,24141199_03.txt
19101192_9.jpg,19101192_9.txt
21101127_02.png,21101127_02.txt
261.png,261.txt
20301343_04.jpg,20301343_04.txt
20201023_4.jpg,20201023_4.txt
20301368_30.jpeg,20301368_30.txt
20301294_27.jpg,20301294_27.txt
725.png,725.txt
20301228_02.JPG,20301228_02.txt
1605.png,1605.txt
1007.png,1007.txt
21101282_14.jpg,21101282_14.txt
22101861_19.jpg,22101861_19.txt
50.png,50.txt
656.png,656.txt
2212.png,2212.txt
2530.png,2530.txt
20301294_19.jpg,20301294_19.txt
21101135_16.JPG,21101135_16.txt
24141199_36.png,24141199_36.txt
21141009_11.jpg,21141009_11.txt
2451.png,2451.txt
20201020_49.jpg,20201020_49.txt
21201175_12.png,21201175_12.txt
20121026_09.jpg,20121026_09.txt
21101135_18.JPG,21101135_18.txt
21101243_12.jpg,21101243_12.txt
24141199_29.png,24141199_29.txt
2442.png,2442.txt
23241108_26.jpg,23241108_26.txt
441.png,441.txt
20201020_56.jpg,20201020_56.txt
2013.png,2013.txt
20201115_25.png,20201115_25.txt
529.png,529.txt
2102.png,2102.txt
20121051_17.png,20121051_17.txt
3046.png,3046.txt
2397.png,2397.txt
20321023_18.jpg,20321023_18.txt
22101857_22.png,22101857_22.txt
23241113_02.jpg,23241113_02.txt
4434.png,4434.txt
20121051_20.png,20121051_20.txt
24141199_58.png,24141199_58.txt
328.png,328.txt
2455.png,2455.txt
21301589_24.png,21301589_24.txt
19101192_5.jpg,19101192_5.txt
20201148_31.png,20201148_31.txt
22101861_29.jpg,22101861_29.txt
20201210_15.jpg,20201210_15.txt
23241084_29.png,23241084_29.txt
2842.png,2842.txt
24141199_43.png,24141199_43.txt
22101857_11.png,22101857_11.txt
2632.png,2632.txt
22141027_28.png,22141027_28.txt
1034.png,1034.txt
675.png,675.txt
20121044_21.jpg,20121044_21.txt
677.png,677.txt
21201775_21.png,21201775_21.txt
20301414_21.png,20301414_21.txt
2807.png,2807.txt
343.png,343.txt
1566.png,1566.txt
578.png,578.txt
20121066_21.jpg,20121066_21.txt
2531.png,2531.txt
21101127_23.png,21101127_23.txt
21301138_26.jpeg,21301138_26.txt
273.png,273.txt
3110.png,3110.txt
1898.png,1898.txt
2481.png,2481.txt
23341101_28.jpg,23341101_28.txt
761.png,761.txt
22101857_29.png,22101857_29.txt
2866.png,2866.txt
21101135_42.png,21101135_42.txt
20301114_5.jpg,20301114_5.txt
20301266_02.jpg,20301266_02.txt
20301294_05.jpg,20301294_05.txt
21101135_24.JPG,21101135_24.txt
2911.png,2911.txt
19121070_33.jpg,19121070_33.txt
ID_24.jpg,ID_24.txt
20201210_27.jpg,20201210_27.txt
2366.png,2366.txt
20301403_21.jpg,20301403_21.txt
20201023_27.jpg,20201023_27.txt
1499.png,1499.txt
19121070_10.jpg,19121070_10.txt
4418.png,4418.txt
2878.png,2878.txt
3022.png,3022.txt
20301403_07.jpg,20301403_07.txt
2028.png,2028.txt
20201148_15.png,20201148_15.txt
20321023_26.jpg,20321023_26.txt
20301414_53.jpg,20301414_53.txt
1486.png,1486.txt
727.png,727.txt
1816.png,1816.txt
21141009_19.jpg,21141009_19.txt
2889.png,2889.txt
22141027_15.png,22141027_15.txt
20101498_03.png,20101498_03.txt
21301027_25.jpg,21301027_25.txt
1025.png,1025.txt
814.png,814.txt
20121044_27.jpg,20121044_27.txt
20121044_28.jpg,20121044_28.txt
2937.png,2937.txt
22101861_03.jpg,22101861_03.txt
24141199_13.png,24141199_13.txt
1985.png,1985.txt
23241108_05.jpg,23241108_05.txt
20121011_06.jpg,20121011_06.txt
792.png,792.txt
20301403_27.jpg,20301403_27.txt
1612.png,1612.txt
2350.png,2350.txt
20301159_15.jpg,20301159_15.txt
ID_03.jpg,ID_03.txt
2070.png,2070.txt
1975.png,1975.txt
2453.png,2453.txt
23241113_06.jpg,23241113_06.txt
21301027_06.jpg,21301027_06.txt
18101381_23.jpeg,18101381_23.txt
966.png,966.txt
2946.png,2946.txt
20101285_46.jpg,20101285_46.txt
2104.png,2104.txt
20301131_26.jpg,20301131_26.txt
20201086_25.png,20201086_25.txt
20101498_12.png,20101498_12.txt
20101285_48.jpg,20101285_48.txt
20301003_16.png,20301003_16.txt
20301414_64.jpg,20301414_64.txt
2395.png,2395.txt
2080.png,2080.txt
20301414_54.jpg,20301414_54.txt
2355.png,2355.txt
2175.png,2175.txt
3036.png,3036.txt
21301589_25.png,21301589_25.txt
2939.png,2939.txt
979.png,979.txt
2213.png,2213.txt
980.png,980.txt
21301138_18.jpeg,21301138_18.txt
587.png,587.txt
23241108_08.jpg,23241108_08.txt
23241108_24.jpg,23241108_24.txt
20121051_08.png,20121051_08.txt
480.png,480.txt
2097.png,2097.txt
21101312_2.png,21101312_2.txt
530.png,530.txt
20101498_02.png,20101498_02.txt
1593.png,1593.txt
20201023_19.jpg,20201023_19.txt
3065.png,3065.txt
20301403_28.jpg,20301403_28.txt
20301131_5.jpg,20301131_5.txt
24141234_34.jpg,24141234_34.txt
21301027_15.jpg,21301027_15.txt
1624.png,1624.txt
21201775_04.png,21201775_04.txt
2485.png,2485.txt
546.png,546.txt
2392.png,2392.txt
21101243_24.jpg,21101243_24.txt
20301368_17.jpg,20301368_17.txt
1636.png,1636.txt
972.png,972.txt
2469.png,2469.txt
2690.png,2690.txt
503.png,503.txt
1966.png,1966.txt
2815.png,2815.txt
811.png,811.txt
2951.png,2951.txt
1803.png,1803.txt
24141199_19.png,24141199_19.txt
21101135_17.JPG,21101135_17.txt
ID_29.jpg,ID_29.txt
23241084_45.png,23241084_45.txt
21301589_11.png,21301589_11.txt
2555.png,2555.txt
20201115_22.png,20201115_22.txt
2991.png,2991.txt
19101192_25.jpg,19101192_25.txt
25.png,25.txt
3112.png,3112.txt
824.png,824.txt
246.png,246.txt
21301027_13.jpg,21301027_13.txt
20121026_02.jpg,20121026_02.txt
2989.png,2989.txt
21301116_05.jpg,21301116_05.txt
23241084_39.jpg,23241084_39.txt
1912.png,1912.txt
21101135_67.png,21101135_67.txt
21141009_29.jpg,21141009_29.txt
23241108_12.jpg,23241108_12.txt
21301116_29.jpg,21301116_29.txt
ID_05.jpg,ID_05.txt
20121026_16.jpg,20121026_16.txt
22101857_10.png,22101857_10.txt
1886.png,1886.txt
2895.png,2895.txt
21201775_14.png,21201775_14.txt
1505.png,1505.txt
355.png,355.txt
3075.png,3075.txt
2679.png,2679.txt
21201775_18.png,21201775_18.txt
20201210_03.jpg,20201210_03.txt
2454.png,2454.txt
838.png,838.txt
2171.png,2171.txt
1807.png,1807.txt
1018.png,1018.txt
20301294_26.jpg,20301294_26.txt
21101312_17.png,21101312_17.txt
21101312_62.jpg,21101312_62.txt
1009.png,1009.txt
23241108_13.jpg,23241108_13.txt
19101192_18.jpg,19101192_18.txt
21101282_23.jpg,21101282_23.txt
2156.png,2156.txt
23241084_56.jpg,23241084_56.txt
20301131_11.jpg,20301131_11.txt
21301116_30.jpg,21301116_30.txt
20121044_05.jpg,20121044_05.txt
ID_27.jpg,ID_27.txt
2462.png,2462.txt
20121026_08.jpg,20121026_08.txt
24141234_07.jpg,24141234_07.txt
2929.png,2929.txt
1813.png,1813.txt
2145.png,2145.txt
20301003_10.png,20301003_10.txt
766.png,766.txt
2802.png,2802.txt
20121044_26.jpg,20121044_26.txt
248.png,248.txt
961.png,961.txt
2067.png,2067.txt
19121070_19.jpg,19121070_19.txt
1635.png,1635.txt
21301027_07.jpg,21301027_07.txt
359.png,359.txt
21301116_24.jpg,21301116_24.txt
21301138_22.jpeg,21301138_22.txt
19121070_21.jpg,19121070_21.txt
20121011_12.jpg,20121011_12.txt
20301003_28.png,20301003_28.txt
24141199_69.png,24141199_69.txt
22141027_07.png,22141027_07.txt
21101135_64.png,21101135_64.txt
2809.png,2809.txt
21301116_17.jpg,21301116_17.txt
20301343_11.jpg,20301343_11.txt
21101135_11.JPG,21101135_11.txt
20101285_45.jpg,20101285_45.txt
20121051_01.png,20121051_01.txt
23241108_25.jpg,23241108_25.txt
644.png,644.txt
23241113_29.jpg,23241113_29.txt
72.png,72.txt
3003.png,3003.txt
1013.png,1013.txt
1809.png,1809.txt
382.png,382.txt
2493.png,2493.txt
20301266_29.jpeg,20301266_29.txt
20321023_15.jpg,20321023_15.txt
3020.png,3020.txt
2957.png,2957.txt
459.png,459.txt
21101282_27.jpg,21101282_27.txt
3026.png,3026.txt
76.png,76.txt
22101857_30.png,22101857_30.txt
520.png,520.txt
22101857_12.png,22101857_12.txt
2638.png,2638.txt
23241108_19.jpg,23241108_19.txt
21101127_25.jpeg,21101127_25.txt
20101285_03.png,20101285_03.txt
20301090_28.png,20301090_28.txt
3037.png,3037.txt
20101285_13.png,20101285_13.txt
2873.png,2873.txt
334.png,334.txt
20201148_13.png,20201148_13.txt
2616.png,2616.txt
20301414_28.png,20301414_28.txt
1896.png,1896.txt
2973.png,2973.txt
740.png,740.txt
23341101_18.jpg,23341101_18.txt
20201148_10.png,20201148_10.txt
20201148_28.png,20201148_28.txt
2468.png,2468.txt
1626.png,1626.txt
2345.png,2345.txt
21101312_23.png,21101312_23.txt
988.png,988.txt
20121011_19.jpg,20121011_19.txt
21101135_69.png,21101135_69.txt
2394.png,2394.txt
2021.png,2021.txt
21101282_19.jpg,21101282_19.txt
19121070_28.jpg,19121070_28.txt
21301138_10.jpeg,21301138_10.txt
2482.png,2482.txt
22141027_12.png,22141027_12.txt
3047.png,3047.txt
2185.png,2185.txt
20201210_12.jpg,20201210_12.txt
1627.png,1627.txt
23241108_10.jpg,23241108_10.txt
4423.png,4423.txt
20301414_62.jpg,20301414_62.txt
2445.png,2445.txt
2219.png,2219.txt
595.png,595.txt
18101381_26.jpeg,18101381_26.txt
789.png,789.txt
20301343_17.jpg,20301343_17.txt
19101192_8.jpg,19101192_8.txt
1964.png,1964.txt
ID_35.jpg,ID_35.txt
20301114_23.jpg,20301114_23.txt
266.png,266.txt
2660.png,2660.txt
22101857_19.png,22101857_19.txt
3017.png,3017.txt
1583.png,1583.txt
21301589_20.png,21301589_20.txt
24141199_40.png,24141199_40.txt
20301159_10.jpg,20301159_10.txt
ID_17.jpg,ID_17.txt
2034.png,2034.txt
2045.png,2045.txt
2363.png,2363.txt
357.png,357.txt
3085.png,3085.txt
23241108_30.jpg,23241108_30.txt
544.png,544.txt
20101285_14.png,20101285_14.txt
20301414_04.png,20301414_04.txt
2114.png,2114.txt
832.png,832.txt
19121070_12.jpg,19121070_12.txt
20301414_43.jpg,20301414_43.txt
20101285_22.png,20101285_22.txt
21101135_31.png,21101135_31.txt
524.png,524.txt
20201086_03.png,20201086_03.txt
324.png,324.txt
2119.png,2119.txt
21101135_68.png,21101135_68.txt
20121051_13.png,20121051_13.txt
20201086_30.png,20201086_30.txt
1485.png,1485.txt
2979.png,2979.txt
2381.png,2381.txt
776.png,776.txt
20201148_23.png,20201148_23.txt
2982.png,2982.txt
20201148_22.png,20201148_22.txt
23341101_13.jpg,23341101_13.txt
23241084_1.jpg,23241084_1.txt
2519.png,2519.txt
2950.png,2950.txt
2868.png,2868.txt
23241084_12.png,23241084_12.txt
2855.png,2855.txt
1634.png,1634.txt
2533.png,2533.txt
20201210_07.jpg,20201210_07.txt
3106.png,3106.txt
23241108_03.jpg,23241108_03.txt
21101127_01.png,21101127_01.txt
20301114_12.jpg,20301114_12.txt
20301228_31.png,20301228_31.txt
20301343_27.jpg,20301343_27.txt
968.png,968.txt
20301228_42.png,20301228_42.txt
20301414_14.png,20301414_14.txt
20101498_18.png,20101498_18.txt
2515.png,2515.txt
20301368_20.jpg,20301368_20.txt
20101285_28.png,20101285_28.txt
2047.png,2047.txt
20201148_27.png,20201148_27.txt
728.png,728.txt
2820.png,2820.txt
733.png,733.txt
20201020_70.png,20201020_70.txt
1600.png,1600.txt
23241108_31.jpg,23241108_31.txt
2105.png,2105.txt
20301414_12.png,20301414_12.txt
21201175_23.png,21201175_23.txt
21101312_22.png,21101312_22.txt
20301114_3.jpg,20301114_3.txt
1903.png,1903.txt
4424.png,4424.txt
19101192_6.jpg,19101192_6.txt
3056.png,3056.txt
20201020_63.jpg,20201020_63.txt
2353.png,2353.txt
2631.png,2631.txt
3049.png,3049.txt
20201023_18.jpg,20201023_18.txt
20121011_02.jpg,20121011_02.txt
21101135_52.png,21101135_52.txt
338.png,338.txt
569.png,569.txt
21101243_06.jpg,21101243_06.txt
2053.png,2053.txt
20301343_22.jpg,20301343_22.txt
2548.png,2548.txt
263.png,263.txt
21301589_01.png,21301589_01.txt
23241084_7.jpg,23241084_7.txt
21101312_52.jpg,21101312_52.txt
668.png,668.txt
2539.png,2539.txt
386.png,386.txt
2326.png,2326.txt
2498.png,2498.txt
2444.png,2444.txt
17.png,17.txt
572.png,572.txt
20301294_9.jpg,20301294_9.txt
20301003_15.png,20301003_15.txt
647.png,647.txt
3035.png,3035.txt
2161.png,2161.txt
24141234_33.jpg,24141234_33.txt
18101381_09.jpeg,18101381_09.txt
20301294_28.jpg,20301294_28.txt
7.png,7.txt
2023.png,2023.txt
1606.png,1606.txt
1630.png,1630.txt
20201115_28.png,20201115_28.txt
20121051_02.png,20121051_02.txt
20121066_02.jpg,20121066_02.txt
975.png,975.txt
21301589_04.png,21301589_04.txt
2633.png,2633.txt
21101135_46.png,21101135_46.txt
20301368_11.jpeg,20301368_11.txt
21301027_01.jpg,21301027_01.txt
20321023_05.jpg,20321023_05.txt
20201086_23.png,20201086_23.txt
723.png,723.txt
2636.png,2636.txt
3012.png,3012.txt
21201175_06.png,21201175_06.txt
658.png,658.txt
2230.png,2230.txt
1907.png,1907.txt
21101243_22.jpg,21101243_22.txt
21301138_11.jpeg,21301138_11.txt
1032.png,1032.txt
21141009_24.jpg,21141009_24.txt
20121044_11.jpg,20121044_11.txt
54.png,54.txt
2191.png,2191.txt
2107.png,2107.txt
21301589_26.png,21301589_26.txt
1.png,1.txt
1909.png,1909.txt
62.png,62.txt
21301027_18.jpg,21301027_18.txt
2376.png,2376.txt
665.png,665.txt
2232.png,2232.txt
20301228_25.JPG,20301228_25.txt
15.png,15.txt
24141199_66.png,24141199_66.txt
2506.png,2506.txt
2476.png,2476.txt
ID_13.jpg,ID_13.txt
2236.png,2236.txt
2328.png,2328.txt
20201148_05.png,20201148_05.txt
21301027_27.jpg,21301027_27.txt
20301403_17.jpg,20301403_17.txt
19101192_11.jpg,19101192_11.txt
20101285_50.jpg,20101285_50.txt
1839.png,1839.txt
2901.png,2901.txt
2615.png,2615.txt
661.png,661.txt
20201023_3.jpg,20201023_3.txt
20201210_34.jpg,20201210_34.txt
349.png,349.txt
383.png,383.txt
21101127_16.png,21101127_16.txt
445.png,445.txt
23241113_34.jpg,23241113_34.txt
2361.png,2361.txt
24141234_22.jpg,24141234_22.txt
2020.png,2020.txt
20121044_19.jpg,20121044_19.txt
20301368_05.jpeg,20301368_05.txt
20121066_29.jpg,20121066_29.txt
2190.png,2190.txt
2209.png,2209.txt
ID_14.jpg,ID_14.txt
24141199_57.png,24141199_57.txt
22101861_16.jpg,22101861_16.txt
984.png,984.txt
2478.png,2478.txt
2858.png,2858.txt
2173.png,2173.txt
663.png,663.txt
20201115_09.png,20201115_09.txt
989.png,989.txt
21101135_06.JPG,21101135_06.txt
20101285_06.png,20101285_06.txt
18101381_17.jpeg,18101381_17.txt
2538.png,2538.txt
19101192_3.jpg,19101192_3.txt
2713.png,2713.txt
21301027_24.jpg,21301027_24.txt
276.png,276.txt
24141234_03.jpg,24141234_03.txt
2192.png,2192.txt
1447.png,1447.txt
21101312_21.png,21101312_21.txt
21101282_09.jpg,21101282_09.txt
820.png,820.txt
769.png,769.txt
760.png,760.txt
21101312_25.png,21101312_25.txt
21101135_09.JPG,21101135_09.txt
2087.png,2087.txt
447.png,447.txt
385.png,385.txt
24141234_39.jpg,24141234_39.txt
22101861_27.jpg,22101861_27.txt
20301003_21.png,20301003_21.txt
1574.png,1574.txt
20301414_70.jpg,20301414_70.txt
23241113_25.jpg,23241113_25.txt
71.png,71.txt
20201148_09.png,20201148_09.txt
1818.png,1818.txt
20321023_30.jpg,20321023_30.txt
1478.png,1478.txt
1965.png,1965.txt
3073.png,3073.txt
2492.png,2492.txt
2331.png,2331.txt
540.png,540.txt
2095.png,2095.txt
21101135_23.JPG,21101135_23.txt
3009.png,3009.txt
67.png,67.txt
19121070_31.jpg,19121070_31.txt
20101498_24.jpg,20101498_24.txt
793.png,793.txt
451.png,451.txt
2635.png,2635.txt
4414.png,4414.txt
534.png,534.txt
20301228_27.JPG,20301228_27.txt
20101285_37.png,20101285_37.txt
21101135_22.JPG,21101135_22.txt
2828.png,2828.txt
24141199_10.png,24141199_10.txt
3002.png,3002.txt
21101312_12.png,21101312_12.txt
63.png,63.txt
2942.png,2942.txt
964.png,964.txt
1503.png,1503.txt
1004.png,1004.txt
2557.png,2557.txt
2121.png,2121.txt
20301414_25.png,20301414_25.txt
321.png,321.txt
21101243_17.jpg,21101243_17.txt
2155.png,2155.txt
472.png,472.txt
2027.png,2027.txt
20121026_23.jpg,20121026_23.txt
23241108_04.jpg,23241108_04.txt
20301228_18.JPG,20301228_18.txt
1996.png,1996.txt
2705.png,2705.txt
2644.png,2644.txt
20101285_57.jpg,20101285_57.txt
24141199_24.png,24141199_24.txt
24141199_59.png,24141199_59.txt
23341101_14.jpg,23341101_14.txt
1977.png,1977.txt
20121066_03.jpg,20121066_03.txt
2342.png,2342.txt
19121070_20.jpg,19121070_20.txt
2607.png,2607.txt
21101243_31.jpg,21101243_31.txt
557.png,557.txt
24141199_52.png,24141199_52.txt
20301090_04.png,20301090_04.txt
24141199_45.png,24141199_45.txt
20301294_07.jpg,20301294_07.txt
20121066_22.jpg,20121066_22.txt
20201023_5.jpg,20201023_5.txt
23241084_37.png,23241084_37.txt
4435.png,4435.txt
365.png,365.txt
2917.png,2917.txt
20101285_51.jpg,20101285_51.txt
2700.png,2700.txt
3048.png,3048.txt
1469.png,1469.txt
21101135_19.JPG,21101135_19.txt
2706.png,2706.txt
20301228_20.JPG,20301228_20.txt
736.png,736.txt
21301019_13.jpg,21301019_13.txt
20201148_26.png,20201148_26.txt
764.png,764.txt
20301003_25.png,20301003_25.txt
558.png,558.txt
20301003_24.png,20301003_24.txt
3081.png,3081.txt
74.png,74.txt
1980.png,1980.txt
23241084_25.png,23241084_25.txt
2085.png,2085.txt
369.png,369.txt
18101381_15.jpeg,18101381_15.txt
21301138_21.jpeg,21301138_21.txt
24141199_49.png,24141199_49.txt
1814.png,1814.txt
21101243_02.jpg,21101243_02.txt
2963.png,2963.txt
1615.png,1615.txt
1608.png,1608.txt
20301368_03.jpeg,20301368_03.txt
2494.png,2494.txt
392.png,392.txt
2870.png,2870.txt
260.png,260.txt
1639.png,1639.txt
275.png,275.txt
4408.png,4408.txt
20201023_17.jpg,20201023_17.txt
2329.png,2329.txt
983.png,983.txt
2639.png,2639.txt
2913.png,2913.txt
20201148_07.png,20201148_07.txt
2890.png,2890.txt
1829.png,1829.txt
21141009_13.jpg,21141009_13.txt
20121066_24.jpg,20121066_24.txt
22101857_13.png,22101857_13.txt
23241084_68.png,23241084_68.txt
21101243_27.jpg,21101243_27.txt
1900.png,1900.txt
19101192_23.jpg,19101192_23.txt
2975.png,2975.txt
585.png,585.txt
20301414_29.png,20301414_29.txt
2834.png,2834.txt
20301090_21.png,20301090_21.txt
4409.png,4409.txt
2458.png,2458.txt
456.png,456.txt
532.png,532.txt
22101861_10.jpg,22101861_10.txt
974.png,974.txt
24141234_08.jpg,24141234_08.txt
2117.png,2117.txt
2670.png,2670.txt
21301019_01.jpg,21301019_01.txt
21301589_18.png,21301589_18.txt
24141234_21.jpg,24141234_21.txt
2322.png,2322.txt
21101312_46.jpg,21101312_46.txt
21101135_33.png,21101135_33.txt
24141199_47.png,24141199_47.txt
21301027_14.jpg,21301027_14.txt
2628.png,2628.txt
20201210_29.jpg,20201210_29.txt
1838.png,1838.txt
20121011_28.jpg,20121011_28.txt
24141199_25.png,24141199_25.txt
2527.png,2527.txt
373.png,373.txt
372.png,372.txt
20121026_19.jpg,20121026_19.txt
22101857_4.png,22101857_4.txt
21101312_67.jpg,21101312_67.txt
819.png,819.txt
2678.png,2678.txt
2534.png,2534.txt
21101282_12.jpg,21101282_12.txt
755.png,755.txt
20301414_66.jpg,20301414_66.txt
23241084_67.png,23241084_67.txt
21101312_49.jpg,21101312_49.txt
3032.png,3032.txt
2554.png,2554.txt
20301228_04.JPG,20301228_04.txt
2208.png,2208.txt
20101285_15.png,20101285_15.txt
20301159_17.jpg,20301159_17.txt
21101135_66.png,21101135_66.txt
20201020_69.png,20201020_69.txt
2854.png,2854.txt
2122.png,2122.txt
20121026_14.jpg,20121026_14.txt
2379.png,2379.txt
19121070_29.jpg,19121070_29.txt
23241084_46.jpg,23241084_46.txt
23341101_04.jpg,23341101_04.txt
21101282_18.jpg,21101282_18.txt
24141199_61.png,24141199_61.txt
20301294_18.jpg,20301294_18.txt
1621.png,1621.txt
20301228_57.png,20301228_57.txt
2197.png,2197.txt
20121026_04.jpg,20121026_04.txt
3071.png,3071.txt
2068.png,2068.txt
1003.png,1003.txt
20301228_65.png,20301228_65.txt
21101135_63.png,21101135_63.txt
20301114_14.jpg,20301114_14.txt
21101127_17.png,21101127_17.txt
20101498_16.png,20101498_16.txt
2543.png,2543.txt
2144.png,2144.txt
2602.png,2602.txt
2463.png,2463.txt
21141009_27.jpg,21141009_27.txt
839.png,839.txt
58.png,58.txt
2238.png,2238.txt
1827.png,1827.txt
2343.png,2343.txt
478.png,478.txt
4.png,4.txt
20201115_01.png,20201115_01.txt
24141199_27.png,24141199_27.txt
56.png,56.txt
333.png,333.txt
21301138_25.jpeg,21301138_25.txt
21101127_29.png,21101127_29.txt
20201020_43.jpg,20201020_43.txt
673.png,673.txt
729.png,729.txt
20201115_29.png,20201115_29.txt
2915.png,2915.txt
19101192_24.jpg,19101192_24.txt
1999.png,1999.txt
20301228_52.png,20301228_52.txt
20301414_41.jpg,20301414_41.txt
20201115_08.png,20201115_08.txt
20301090_12.png,20301090_12.txt
2373.png,2373.txt
825.png,825.txt
1502.png,1502.txt
21101312_14.png,21101312_14.txt
790.png,790.txt
1993.png,1993.txt
23241084_33.png,23241084_33.txt
19121070_30.jpg,19121070_30.txt
23341101_07.jpg,23341101_07.txt
21201775_10.png,21201775_10.txt
2909.png,2909.txt
20301159_02.jpg,20301159_02.txt
21301589_08.png,21301589_08.txt
2393.png,2393.txt
2692.png,2692.txt
20301266_04.jpg,20301266_04.txt
52.png,52.txt
3053.png,3053.txt
23241084_69.jpg,23241084_69.txt
2849.png,2849.txt
20301368_13.jpg,20301368_13.txt
1594.png,1594.txt
775.png,775.txt
2461.png,2461.txt
21101243_03.jpg,21101243_03.txt
23241108_18.jpg,23241108_18.txt
2446.png,2446.txt
20201115_26.png,20201115_26.txt
1891.png,1891.txt
20301114_2.jpg,20301114_2.txt
2229.png,2229.txt
331.png,331.txt
2837.png,2837.txt
20301159_05.jpg,20301159_05.txt
20301343_24.jpg,20301343_24.txt
23241113_26.jpg,23241113_26.txt
2132.png,2132.txt
20101498_01.png,20101498_01.txt
22141027_01.png,22141027_01.txt
24141234_31.jpg,24141234_31.txt
664.png,664.txt
2932.png,2932.txt
1477.png,1477.txt
774.png,774.txt
21101135_36.png,21101135_36.txt
20301228_39.png,20301228_39.txt
21141009_25.jpg,21141009_25.txt
446.png,446.txt
550.png,550.txt
20301131_3.jpg,20301131_3.txt
2956.png,2956.txt
2078.png,2078.txt
20321023_10.jpg,20321023_10.txt
21101135_37.png,21101135_37.txt
20121011_20.jpg,20121011_20.txt
2688.png,2688.txt
23241084_43.png,23241084_43.txt
20121044_30.jpg,20121044_30.txt
2096.png,2096.txt
23341101_17.jpg,23341101_17.txt
20301228_45.png,20301228_45.txt
20301159_04.jpg,20301159_04.txt
19101192_14.jpg,19101192_14.txt
568.png,568.txt
2457.png,2457.txt
2648.png,2648.txt
20121066_01.jpg,20121066_01.txt
2969.png,2969.txt
509.png,509.txt
21101243_34.jpg,21101243_34.txt
2874.png,2874.txt
24141199_02.png,24141199_02.txt
3008.png,3008.txt
1610.png,1610.txt
586.png,586.txt
20201023_22.jpg,20201023_22.txt
23241108_07.jpg,23241108_07.txt
22101861_02.jpg,22101861_02.txt
20321023_02.jpg,20321023_02.txt
23241084_5.jpg,23241084_5.txt
21141009_03.jpg,21141009_03.txt
20301403_19.jpg,20301403_19.txt
2124.png,2124.txt
2024.png,2024.txt
2128.png,2128.txt
2447.png,2447.txt
6.png,6.txt
20301131_22.jpg,20301131_22.txt
21101312_41.jpg,21101312_41.txt
21101135_04.JPG,21101135_04.txt
20301131_30.jpg,20301131_30.txt
20321023_13.jpg,20321023_13.txt
20301114_4.jpg,20301114_4.txt
1001.png,1001.txt
2711.png,2711.txt
2178.png,2178.txt
795.png,795.txt
20201020_47.jpg,20201020_47.txt
2396.png,2396.txt
833.png,833.txt
24141199_63.png,24141199_63.txt
21301138_07.jpeg,21301138_07.txt
21201775_30.png,21201775_30.txt
2499.png,2499.txt
337.png,337.txt
2164.png,2164.txt
21101135_25.jpg,21101135_25.txt
20301403_14.jpg,20301403_14.txt
20101285_07.png,20101285_07.txt
2544.png,2544.txt
21101127_26.png,21101127_26.txt
1002.png,1002.txt
4427.png,4427.txt
20201020_64.jpg,20201020_64.txt
2697.png,2697.txt
3013.png,3013.txt
24141199_68.png,24141199_68.txt
23241113_14.jpg,23241113_14.txt
20321023_29.jpg,20321023_29.txt
2058.png,2058.txt
23241084_34.jpg,23241084_34.txt
2892.png,2892.txt
20201210_24.jpg,20201210_24.txt
1026.png,1026.txt
20301131_14.jpg,20301131_14.txt
997.png,997.txt
20301266_09.jpg,20301266_09.txt
1637.png,1637.txt
20301294_08.jpg,20301294_08.txt
21101243_23.jpg,21101243_23.txt
800.png,800.txt
21101282_26.jpg,21101282_26.txt
1808.png,1808.txt
2988.png,2988.txt
21301116_10.jpg,21301116_10.txt
2223.png,2223.txt
829.png,829.txt
18101381_19.jpeg,18101381_19.txt
20321023_21.jpg,20321023_21.txt
20201148_18.png,20201148_18.txt
1572.png,1572.txt
20101285_32.png,20101285_32.txt
20301414_51.jpg,20301414_51.txt
3024.png,3024.txt
21301116_04.jpg,21301116_04.txt
2701.png,2701.txt
22101861_14.jpg,22101861_14.txt
767.png,767.txt
20301159_01.jpg,20301159_01.txt
21101243_08.jpg,21101243_08.txt
2879.png,2879.txt
745.png,745.txt
2195.png,2195.txt
21301138_17.jpeg,21301138_17.txt
990.png,990.txt
24141234_40.jpg,24141234_40.txt
20201210_25.jpg,20201210_25.txt
2125.png,2125.txt
2052.png,2052.txt
22101861_26.jpg,22101861_26.txt
21201175_24.png,21201175_24.txt
20301266_03.jpg,20301266_03.txt
21101312_47.jpg,21101312_47.txt
2811.png,2811.txt
20301131_28.jpg,20301131_28.txt
1514.png,1514.txt
577.png,577.txt
23341101_25.jpg,23341101_25.txt
24141199_05.png,24141199_05.txt
2064.png,2064.txt
20301343_08.jpg,20301343_08.txt
2520.png,2520.txt
20301003_06.png,20301003_06.txt
2829.png,2829.txt
22141027_19.png,22141027_19.txt
21141009_07.jpg,21141009_07.txt
2001.png,2001.txt
20301003_11.png,20301003_11.txt
20301343_02.jpg,20301343_02.txt
23241084_14.png,23241084_14.txt
21201175_18.png,21201175_18.txt
787.png,787.txt
21101135_40.png,21101135_40.txt
20301159_27.jpg,20301159_27.txt
20101285_05.png,20101285_05.txt
2529.png,2529.txt
1488.png,1488.txt
22141027_18.png,22141027_18.txt
554.png,554.txt
1040.png,1040.txt
2177.png,2177.txt
3060.png,3060.txt
2709.png,2709.txt
20101498_10.png,20101498_10.txt
2194.png,2194.txt
20301228_44.png,20301228_44.txt
20121011_04.jpg,20121011_04.txt
448.png,448.txt
2852.png,2852.txt
801.png,801.txt
397.png,397.txt
21201175_21.png,21201175_21.txt
20301131_18.jpg,20301131_18.txt
20301131_13.jpg,20301131_13.txt
23241084_54.jpg,23241084_54.txt
20301414_48.jpg,20301414_48.txt
467.png,467.txt
2487.png,2487.txt
20121026_13.jpg,20121026_13.txt
986.png,986.txt
1029.png,1029.txt
20101285_54.jpg,20101285_54.txt
2074.png,2074.txt
20201020_57.jpg,20201020_57.txt
20301090_15.png,20301090_15.txt
20201115_03.png,20201115_03.txt
24141199_53.png,24141199_53.txt
2619.png,2619.txt
2634.png,2634.txt
20301266_25.jpeg,20301266_25.txt
20201086_05.png,20201086_05.txt
268.png,268.txt
20301131_19.jpg,20301131_19.txt
391.png,391.txt
1483.png,1483.txt
23341101_01.jpg,23341101_01.txt
2473.png,2473.txt
21301027_19.jpg,21301027_19.txt
21101312_39.png,21101312_39.txt
3058.png,3058.txt
515.png,515.txt
20301368_28.jpg,20301368_28.txt
20101285_66.jpg,20101285_66.txt
21201775_25.png,21201775_25.txt
20301114_24.jpg,20301114_24.txt
2528.png,2528.txt
326.png,326.txt
462.png,462.txt
21101127_18.png,21101127_18.txt
579.png,579.txt
2048.png,2048.txt
38.png,38.txt
20301403_06.jpg,20301403_06.txt
1563.png,1563.txt
3079.png,3079.txt
21301019_09.jpg,21301019_09.txt
1618.png,1618.txt
23241084_66.png,23241084_66.txt
518.png,518.txt
2954.png,2954.txt
2521.png,2521.txt
773.png,773.txt
2689.png,2689.txt
22101857_21.png,22101857_21.txt
24141234_16.jpg,24141234_16.txt
27.png,27.txt
2388.png,2388.txt
20301090_16.png,20301090_16.txt
21101135_48.png,21101135_48.txt
724.png,724.txt
20301228_36.png,20301228_36.txt
20101285_53.jpg,20101285_53.txt
21.png,21.txt
20121011_14.jpg,20121011_14.txt
21101127_13.png,21101127_13.txt
20301159_19.jpg,20301159_19.txt
653.png,653.txt
20121011_10.jpg,20121011_10.txt
2207.png,2207.txt
21301138_32.jpeg,21301138_32.txt
807.png,807.txt
565.png,565.txt
21301589_28.png,21301589_28.txt
21101243_01.jpg,21101243_01.txt
20301228_32.png,20301228_32.txt
4413.png,4413.txt
3007.png,3007.txt
20321023_08.jpg,20321023_08.txt
20301403_29.jpg,20301403_29.txt
23241084_16.png,23241084_16.txt
ID_01.jpg,ID_01.txt
563.png,563.txt
20301294_25.jpg,20301294_25.txt
329.png,329.txt
79.png,79.txt
23241108_16.jpg,23241108_16.txt
24141234_19.jpg,24141234_19.txt
1567.png,1567.txt
3083.png,3083.txt
21101127_19.png,21101127_19.txt
44.png,44.txt
20301403_11.jpg,20301403_11.txt
2885.png,2885.txt
2006.png,2006.txt
2083.png,2083.txt
20301414_65.jpg,20301414_65.txt
2014.png,2014.txt
23241113_27.jpg,23241113_27.txt
255.png,255.txt
1987.png,1987.txt
1991.png,1991.txt
20301228_28.JPG,20301228_28.txt
21101127_22.png,21101127_22.txt
1815.png,1815.txt
2627.png,2627.txt
2953.png,2953.txt
559.png,559.txt
2384.png,2384.txt
995.png,995.txt
1883.png,1883.txt
21101127_09.png,21101127_09.txt
21301027_10.jpg,21301027_10.txt
2084.png,2084.txt
457.png,457.txt
2348.png,2348.txt
20301266_15.jpg,20301266_15.txt
ID_33.jpg,ID_33.txt
20301414_26.png,20301414_26.txt
1992.png,1992.txt
20121011_17.jpg,20121011_17.txt
20301228_58.png,20301228_58.txt
21141009_21.jpg,21141009_21.txt
2044.png,2044.txt
20301403_04.jpg,20301403_04.txt
20301003_13.png,20301003_13.txt
280.png,280.txt
2851.png,2851.txt
21101243_21.jpg,21101243_21.txt
1487.png,1487.txt
20101498_25.jpg,20101498_25.txt
24141234_20.jpg,24141234_20.txt
22101857_14.png,22101857_14.txt
1917.png,1917.txt
20101498_04.png,20101498_04.txt
23241084_28.jpg,23241084_28.txt
2864.png,2864.txt
24141234_12.jpg,24141234_12.txt
780.png,780.txt
1461.png,1461.txt
23241113_30.jpg,23241113_30.txt
20301414_09.png,20301414_09.txt
1823.png,1823.txt
2559.png,2559.txt
2377.png,2377.txt
20121051_19.png,20121051_19.txt
20301294_17.jpg,20301294_17.txt
2622.png,2622.txt
592.png,592.txt
2899.png,2899.txt
2368.png,2368.txt
23241084_41.png,23241084_41.txt
2856.png,2856.txt
20321023_20.jpg,20321023_20.txt
19121070_16.jpg,19121070_16.txt
758.png,758.txt
20101285_08.png,20101285_08.txt
61.png,61.txt
2002.png,2002.txt
21101312_56.jpg,21101312_56.txt
2189.png,2189.txt
